{
  "model_sizes": [
    "small",
    "medium",
    "large"
  ],
  "num_parameters": [
    1100000000,
    355000000,
    7000000000
  ],
  "avg_queries": [
    46.25,
    46.25,
    46.25
  ],
  "avg_runtime": [
    0.00027487675348917645,
    0.00023605426152547201,
    0.0002310474713643392
  ],
  "avg_memory": [
    0.01171875,
    0.0,
    0.0
  ],
  "avg_far": [
    0.0,
    0.0,
    0.0
  ],
  "avg_frr": [
    0.44083333333333324,
    0.42750000000000005,
    0.38083333333333336
  ],
  "avg_auroc": [
    0.9018895954764007,
    0.8948869316666445,
    0.8912723523951244
  ],
  "avg_confidence": [
    0.8524074790041668,
    0.8515509740790949,
    0.8605775929389576
  ],
  "query_efficiency": [
    42.04545454545454,
    130.2816901408451,
    6.607142857142857
  ],
  "runtime_scaling_exponent": -0.01568182142037327,
  "memory_scaling_exponent": -0.0006167993394431411
}