{
  "run_id": "validation_20250822_122754",
  "timestamp": "2025-08-22T12:28:46.136128",
  "decision": "SAME",
  "confidence": 0.99,
  "metrics": {
    "n_queries": 30,
    "total_duration_seconds": 49.60754036903381,
    "peak_memory_mb": 1492.25
  },
  "stage_summary": {
    "pre_commit": {
      "duration": 0.004405021667480469,
      "success": true
    },
    "model_loading": {
      "duration": 5.4723711013793945,
      "success": true
    },
    "verification": {
      "duration": 44.122048139572144,
      "success": true
    },
    "evidence_generation": {
      "duration": 0.008716106414794922,
      "success": true
    }
  }
}