{
  "model": "gpt2",
  "n_samples": 30,
  "same_model_mean": 0.21666666666666667,
  "same_model_std": 0.08498365855987976,
  "same_model_median": 0.25,
  "same_model_p95": 0.25,
  "same_model_p99": 0.25,
  "same_model_max": 0.25,
  "recommended_gamma": 0.375,
  "recommended_delta_star_conservative": 2.5,
  "recommended_delta_star_moderate": 1.25,
  "recommended_delta_star_aggressive": 0.75,
  "expected_fp_rate_at_gamma": 0.010000000000000009,
  "raw_scores": [
    0.25,
    0.0,
    0.25,
    0.25,
    0.25,
    0.0,
    0.25,
    0.25,
    0.25,
    0.25,
    0.25,
    0.25,
    0.25,
    0.25,
    0.25,
    0.25,
    0.25,
    0.25,
    0.25,
    0.25,
    0.25,
    0.25,
    0.25,
    0.0,
    0.25,
    0.25,
    0.25,
    0.25,
    0.25,
    0.0
  ]
}