{
  "model": "gpt2",
  "n_samples": 30,
  "same_model_mean": 0.225,
  "same_model_std": 0.075,
  "same_model_median": 0.250001,
  "same_model_p95": 0.250001,
  "same_model_p99": 0.250001,
  "same_model_max": 0.250001,
  "recommended_gamma": 0.3750015,
  "recommended_delta_star_conservative": 2.5000099999999996,
  "recommended_delta_star_moderate": 1.2500049999999998,
  "recommended_delta_star_aggressive": 0.750003,
  "expected_fp_rate_at_gamma": 0.010000000000000009,
  "raw_scores": [
    0.25,
    0.25,
    0.25,
    0.25,
    0.25,
    0.25,
    0.25,
    0.25,
    0.25,
    0.25,
    0.25,
    0.25,
    0.25,
    0.25,
    0.25,
    0.25,
    0.25,
    0.0,
    0.0,
    0.25,
    0.25,
    0.25,
    0.25,
    0.25,
    0.25,
    0.25,
    0.0,
    0.25,
    0.25,
    0.25
  ]
}