{
  "run_id": "validation_20250828_184545",
  "timestamp": "2025-08-28T18:47:11.363930",
  "decision": "DIFFERENT",
  "confidence": 0.99,
  "metrics": {
    "n_queries": 40,
    "total_duration_seconds": 84.58160495758057,
    "peak_memory_mb": 1711.890625
  },
  "stage_summary": {
    "pre_commit": {
      "duration": 0.0019500255584716797,
      "success": true
    },
    "model_loading": {
      "duration": 7.6782917976379395,
      "success": true
    },
    "verification": {
      "duration": 76.89067697525024,
      "success": true
    },
    "evidence_generation": {
      "duration": 0.010686159133911133,
      "success": true
    }
  }
}