{
  "timestamp": "2025-08-20T00:16:09.125779",
  "results": [
    {
      "test": "gpt2 vs gpt2",
      "expected": "SAME",
      "decision": "SAME",
      "passed": true,
      "mean": 0.0,
      "ci": [
        0.0,
        0.0
      ],
      "half_width": 0.0,
      "rme": null,
      "rule": "identical_early_stop",
      "n_used": 30,
      "config": {
        "gamma": 0.0010170000000000001,
        "delta_star": 0.038319500000000006,
        "epsilon_diff": 0.15,
        "k": 128
      }
    },
    {
      "test": "gpt2 vs distilgpt2",
      "expected": "DIFFERENT",
      "decision": "DIFFERENT",
      "passed": true,
      "mean": 0.6401002861364057,
      "ci": [
        0.5441901646518709,
        0.7360104076209405
      ],
      "half_width": 0.09591012148453479,
      "rme": 0.14983608594122125,
      "rule": "min_effect",
      "n_used": 267,
      "config": {
        "gamma": 0.0010170000000000001,
        "delta_star": 0.038319500000000006,
        "epsilon_diff": 0.15,
        "k": 128
      }
    }
  ],
  "all_passed": true,
  "summary": {
    "same_model_mean": 0.0,
    "different_model_mean": 0.6401002861364057,
    "separation": 0.6401002861364057
  }
}