{
  "raw": [
    0.12947721667489645,
    0.1473690024653151,
    0.10166346312363256,
    0.11751705639454463,
    0.12159663624431409,
    0.11680966996685849,
    0.12044443653223966,
    0.11144414172793309,
    0.12444157803129485,
    0.10464046996113845,
    0.1228492920477331,
    0.119306956315448
  ],
  "clipped": [
    0.12947721667489645,
    0.1473690024653151,
    0.10166346312363256,
    0.11751705639454463,
    0.12159663624431409,
    0.11680966996685849,
    0.12044443653223966,
    0.11144414172793309,
    0.12444157803129485,
    0.10464046996113845,
    0.1228492920477331,
    0.119306956315448
  ],
  "stats": {
    "raw": {
      "mean": 0.11979665995711238,
      "std": 0.011295820023736532,
      "min": 0.10166346312363256,
      "max": 0.1473690024653151,
      "percentiles": {
        "p5": 0.1033008168842608,
        "p25": 0.11546828790712714,
        "p50": 0.11987569642384382,
        "p75": 0.12324736354362353,
        "p95": 0.13752852028058482
      }
    },
    "clipped": {
      "mean": 0.11979665995711238,
      "std": 0.011295820023736532,
      "min": 0.10166346312363256,
      "max": 0.1473690024653151
    }
  }
}