{
  "verifier": "stat_diff_v1",
  "timestamp": "2025-08-20 00:05:51 UTC",
  "config": {
    "alpha": 0.025000000000000022,
    "rel_margin_target": 0.2,
    "method": "eb",
    "n_min": 12,
    "n_max": 120,
    "positions_per_prompt": 32,
    "batch_size": 4,
    "equivalence_band": 0.015,
    "early_stop_threshold": 1e-06
  },
  "results": {
    "decision": "DIFFERENT",
    "reason": "Effect size 0.162571 \u2265 \u03b4* 0.1 and RME 0.082 \u2264 0.2",
    "direction": "higher",
    "n_used": 12,
    "mean": 0.15027272988383625,
    "variance": 0.0004892683442092093,
    "std_dev": 0.022119411027629314,
    "ci_99": [
      0.1379749014576104,
      0.1625705583100621
    ],
    "half_width": 0.012297828426225847,
    "rel_me": 0.08183672736718305
  },
  "timing": {
    "total_time_sec": 0.00016066688112914562,
    "avg_batch_time_sec": 3.641673053304354e-05,
    "avg_score_time_sec": 7.98589705179135e-07,
    "total_score_time_sec": 9.58307646214962e-06,
    "scores_per_second": 74688.69698388109
  },
  "scores": {
    "raw": [
      0.16295377076201384,
      0.1804605971281605,
      0.14531693250553326,
      0.14531726086101637,
      0.18158425631014782,
      0.16534869458305818,
      0.14061051228130095,
      0.16085120087171928,
      0.1548392454313207,
      0.11173439510684403,
      0.11550164334973934,
      0.13875424941518055
    ],
    "summary_stats": {
      "min": 0.11173439510684403,
      "max": 0.18158425631014782,
      "median": 0.15007825314616852,
      "q25": 0.14014644656477085,
      "q75": 0.16355250171727492,
      "iqr": 0.023406055152504074
    }
  },
  "interpretation": "Candidate model produces statistically higher scores than reference",
  "next_steps": [
    "Confirm difference via secondary PoT metrics:",
    "- Fuzzy/TLSH behavioral hashes on the same challenges",
    "- Merkle commit of (challenge,response) pairs; compare roots",
    "- Attack detectors (distill/prune/quant/LoRA flags)",
    "- (Optional, attested mode) Jacobian/CKA sketch",
    "- Run extended test with more positions per prompt",
    "- Analyze score distributions for patterns"
  ]
}