{
  "last_completed": 99,
  "timestamp": "2025-08-21T01:00:51.211882",
  "results": {
    "prompts_tested": [
      0,
      1,
      2,
      3,
      4,
      5,
      6,
      7,
      8,
      9,
      10,
      11,
      12,
      13,
      14,
      15,
      16,
      17,
      18,
      19,
      20,
      21,
      22,
      23,
      24,
      25,
      26,
      27,
      28,
      29,
      30,
      31,
      32,
      33,
      34,
      35,
      36,
      37,
      38,
      39,
      40,
      41,
      42,
      43,
      44,
      45,
      46,
      47,
      48,
      49,
      50,
      51,
      52,
      53,
      54,
      55,
      56,
      57,
      58,
      59,
      60,
      61,
      62,
      63,
      64,
      65,
      66,
      67,
      68,
      69,
      70,
      71,
      72,
      73,
      74,
      75,
      76,
      77,
      78,
      79,
      80,
      81,
      82,
      83,
      84,
      85,
      86,
      87,
      88,
      89,
      90,
      91,
      92,
      93,
      94,
      95,
      96,
      97,
      98,
      99
    ],
    "differences": [
      0.0,
      0.0,
      0.0,
      0.0,
      0.0,
      0.0,
      0.0,
      0.0,
      0.0,
      0.0,
      0.0,
      0.0,
      0.0,
      0.0,
      0.0,
      0.0,
      0.0,
      0.0,
      0.0,
      0.0,
      0.0,
      0.0,
      0.0,
      0.0,
      0.0,
      0.0,
      0.0,
      0.0,
      0.0,
      0.0,
      0.0,
      0.0,
      0.0,
      0.0,
      0.0,
      0.0,
      0.0,
      0.0,
      0.0,
      0.0,
      0.0,
      0.0,
      0.0,
      0.0,
      0.0,
      0.0,
      0.0,
      0.0,
      0.0,
      0.0,
      0.0,
      0.0,
      0.0,
      0.0,
      0.0,
      0.0,
      0.0,
      0.0,
      0.0,
      0.0,
      0.0,
      0.0,
      0.0,
      0.0,
      0.0,
      0.0,
      0.0,
      0.0,
      0.0,
      0.0,
      0.0,
      0.0,
      0.0,
      0.0,
      0.0,
      0.0,
      0.0,
      0.0,
      0.0,
      0.0,
      0.0,
      0.0,
      0.0,
      0.0,
      0.0,
      0.0,
      0.0,
      0.0,
      0.0,
      0.0,
      0.0,
      0.0,
      0.0,
      0.0,
      0.0,
      0.0,
      0.0,
      0.0,
      0.0,
      0.0
    ],
    "times": [
      17.00564408302307,
      17.21668291091919,
      16.961947202682495,
      19.07867980003357,
      18.844297885894775,
      17.843997955322266,
      17.177133798599243,
      16.733737230300903,
      17.386992931365967,
      17.156523942947388,
      16.90532684326172,
      16.913904905319214,
      17.30711317062378,
      16.93307638168335,
      16.932248830795288,
      16.827167987823486,
      17.382832050323486,
      17.17571187019348,
      16.79570984840393,
      16.927345037460327,
      16.8748300075531,
      16.619691133499146,
      16.788589000701904,
      16.817757844924927,
      17.06351590156555,
      16.90626096725464,
      17.38330864906311,
      16.797518014907837,
      16.870084047317505,
      16.93309211730957,
      17.86076068878174,
      16.50645613670349,
      16.36820411682129,
      16.359568119049072,
      17.283218145370483,
      16.450020790100098,
      16.18471121788025,
      16.09187602996826,
      16.088018894195557,
      16.110233068466187,
      16.10945177078247,
      18.083646059036255,
      16.155595064163208,
      16.145219087600708,
      16.266906261444092,
      16.264866828918457,
      16.13632583618164,
      15.91651701927185,
      16.091251134872437,
      16.096094846725464,
      15.957448959350586,
      16.152382373809814,
      16.290117979049683,
      16.561200857162476,
      16.25992178916931,
      16.1450617313385,
      16.325748920440674,
      16.311760902404785,
      16.545989990234375,
      16.30268692970276,
      16.142511129379272,
      16.153190851211548,
      15.986778974533081,
      15.92905306816101,
      16.119313955307007,
      15.994328022003174,
      16.14416790008545,
      15.865869998931885,
      16.056423902511597,
      16.123621940612793,
      15.943480014801025,
      15.919044017791748,
      16.215680837631226,
      16.13824200630188,
      16.32132077217102,
      16.09256100654602,
      16.27240300178528,
      16.17215394973755,
      16.37934899330139,
      16.23910903930664,
      16.270966053009033,
      16.12146282196045,
      15.90938687324524,
      15.946983337402344,
      16.121729850769043,
      16.054376125335693,
      16.120087146759033,
      15.886878252029419,
      16.073773860931396,
      16.283258199691772,
      16.005499839782715,
      16.086337089538574,
      16.181273698806763,
      15.89817500114441,
      16.256294012069702,
      16.135501861572266,
      16.19788694381714,
      16.163883924484253,
      16.409010887145996,
      16.11261224746704
    ],
    "memory_usage": [
      2.196044921875,
      2.1978302001953125,
      2.1971282958984375,
      2.1885833740234375,
      2.176361083984375,
      2.1749725341796875,
      2.172119140625,
      2.1735382080078125,
      2.17431640625,
      2.1728668212890625,
      2.17889404296875,
      2.176544189453125,
      2.1732330322265625,
      2.17327880859375,
      2.1722259521484375,
      2.177215576171875,
      2.176055908203125,
      2.177734375,
      2.1796722412109375,
      2.171600341796875,
      2.17523193359375,
      2.18115234375,
      2.1795654296875,
      2.1806488037109375,
      2.181365966796875,
      2.17987060546875,
      2.1784210205078125,
      2.180633544921875,
      2.1842803955078125,
      2.1818389892578125,
      2.182220458984375,
      2.1861572265625,
      2.19012451171875,
      2.177459716796875,
      2.1746063232421875,
      2.199554443359375,
      2.2019195556640625,
      2.2036285400390625,
      2.205047607421875,
      2.2063751220703125,
      2.2090911865234375,
      2.2148284912109375,
      2.215118408203125,
      2.2158203125,
      2.2163543701171875,
      2.217376708984375,
      2.217742919921875,
      2.21807861328125,
      2.2183837890625,
      2.218780517578125,
      2.219482421875,
      2.219818115234375,
      2.2201690673828125,
      2.22064208984375,
      2.22100830078125,
      2.2211456298828125,
      2.22137451171875,
      2.2215576171875,
      2.2217864990234375,
      2.221923828125,
      2.2225341796875,
      2.2227630615234375,
      2.223052978515625,
      2.2232513427734375,
      2.2234954833984375,
      2.2237091064453125,
      2.22393798828125,
      2.22412109375,
      2.2242889404296875,
      2.22442626953125,
      2.224761962890625,
      2.224853515625,
      2.2249603271484375,
      2.2251129150390625,
      2.225128173828125,
      2.22528076171875,
      2.225341796875,
      2.2255096435546875,
      2.22552490234375,
      2.2256927490234375,
      2.226104736328125,
      2.2264251708984375,
      2.226593017578125,
      2.226654052734375,
      2.2268524169921875,
      2.2270965576171875,
      2.227325439453125,
      2.22747802734375,
      2.2276611328125,
      2.227691650390625,
      2.228118896484375,
      2.2283477783203125,
      2.2284088134765625,
      2.22845458984375,
      2.228515625,
      2.2287139892578125,
      2.228790283203125,
      2.2288818359375,
      2.2289886474609375,
      2.2290191650390625
    ],
    "checkpoints": []
  },
  "stats": {
    "mean_diff": 0.0,
    "max_diff": 0.0,
    "total_time": 1650.466052055359,
    "prompts_completed": 100
  }
}