{
  "run_id": "validation_20250825_222717",
  "timestamp": "2025-08-25T22:49:55.375062",
  "decision": "SAME",
  "confidence": 0.975,
  "metrics": {
    "n_queries": 14,
    "total_duration_seconds": 1356.4203488826752,
    "peak_memory_mb": 7980.515625
  },
  "stage_summary": {
    "pre_commit": {
      "duration": 0.0006802082061767578,
      "success": true
    },
    "model_loading": {
      "duration": 0.0033020973205566406,
      "success": true
    },
    "verification": {
      "duration": 1356.4090826511383,
      "success": true
    },
    "evidence_generation": {
      "duration": 0.007283926010131836,
      "success": true
    }
  }
}