{
  "weights_before": [
    -0.0844942372384888,
    0.07012626008815014,
    0.08604405202174965,
    0.013259925756091829,
    -0.06224295303302525,
    -0.042652701311796375,
    -0.09408528124603886,
    0.014379319156491,
    -0.015195256426816761,
    -0.014204390092517906,
    -0.06536600644422251,
    0.07703888368204509,
    0.09971453023755182,
    -0.038800798656180385,
    -0.05492957929678031,
    0.09573128473037192,
    -0.09183971188219792,
    -0.0946972595254319,
    0.0015697232995302013,
    0.06772998720123835,
    -0.05463344847641565,
    -0.015265553806802834,
    0.05788047581248823,
    0.08915581723979867,
    -0.019317612823868548,
    -0.06961702015008057,
    -0.09917243293352239,
    0.035594169759909276,
    0.007460941802431709,
    0.0266970266136342,
    0.03921848788981826,
    -0.07049439454950145,
    -0.02938155562306275,
    -0.05023377982926221,
    0.08325100860055434,
    -0.026334901146456893,
    0.030856082447268476,
    0.0086496974897881,
    -0.010677009759323687,
    -0.0931496845474805,
    0.07155712493351321,
    0.042801482194398194,
    -0.06440216281552616,
    0.011440863245307464,
    0.009613618667380931,
    0.062048021101283074,
    0.022902342140534618,
    -0.05375036658846402,
    -0.09790534328418261,
    0.09657951562342647,
    -0.0995783116149345,
    0.006671559530783866,
    0.018839096850277206,
    0.075666606510654,
    0.018783745305603363,
    -0.041329593047605154,
    0.09592563863615054,
    -0.09164325001513379,
    -0.04098297855017988,
    0.07834445940044919,
    -0.02033415231882263,
    0.05196512828605509,
    0.04112055698359576,
    -0.03021154704315068
  ],
  "weights_after": [
    -0.0843892268197263,
    0.06990328757881238,
    0.08687524666265176,
    0.01280200501572068,
    -0.062387916646895594,
    -0.04335111472223326,
    -0.09388891261740066,
    0.014650920700979982,
    -0.014294085855569827,
    -0.013689740926334739,
    -0.06570687288373209,
    0.07637449616614031,
    0.09909520648565394,
    -0.03782099280733864,
    -0.05576692590511758,
    0.09625621945719924,
    -0.09150504963452506,
    -0.09374361004828055,
    0.0018682152777185828,
    0.06762119784597813,
    -0.05428554026498462,
    -0.016226128113217265,
    0.0580486908195776,
    0.08855471008552154,
    -0.01920124772908429,
    -0.06924104062436372,
    -0.09903009885344337,
    0.035125940136359265,
    0.0067549797598063085,
    0.02644630962730266,
    0.040044772354902176,
    -0.07005209082532474,
    -0.02854418964327263,
    -0.05101722900949562,
    0.08268082409708019,
    -0.026280115891937742,
    0.0315010455512573,
    0.008773117877922516,
    -0.011586755631723063,
    -0.09383907448290271,
    0.07119247970864359,
    0.04369379266607139,
    -0.06423245345394604,
    0.012234270683648553,
    0.009514883527816265,
    0.061169207421227764,
    0.02224314853719869,
    -0.05285957861510117,
    -0.09758690051317244,
    0.09702860376361637,
    -0.09914927527116354,
    0.006723540882993586,
    0.019772057353901144,
    0.07580694688095638,
    0.018507610018914378,
    -0.04107021717586767,
    0.09540942564362977,
    -0.09112166053293214,
    -0.04062113475750571,
    0.07891220198348368,
    -0.019891881401498474,
    0.05176222119103976,
    0.04167015657243521,
    -0.030965137190370303
  ],
  "batch_inputs": [
    0.18232615833702803,
    0.710791599389805,
    0.23368083144367013,
    0.025804659901337845,
    0.10849439883382939,
    0.2862532310891831,
    0.036252813805495276,
    0.14522578571790568,
    0.8014862245704034,
    0.4539042059257129,
    0.19392193735244467,
    0.9297024994049369,
    0.7726986852809941,
    0.4876989097181127,
    0.14650584779384968,
    0.21218450668444244
  ],
  "batch_targets": [
    0.5162105569718441,
    0.6479809627951922,
    0.43493503639419484,
    0.7176284239765779
  ],
  "gradients": [
    -0.010501041876249518,
    0.02229725093377515,
    -0.08311946409021005,
    0.04579207403711483,
    0.014496361387034251,
    0.06984134104368858,
    -0.019636862863819427,
    -0.027160154448898213,
    -0.09011705712469345,
    -0.05146491661831676,
    0.03408664395095706,
    0.06643875159047803,
    0.061932375189788114,
    -0.09798058488417505,
    0.08373466083372726,
    -0.052493472682733106,
    -0.03346622476728607,
    -0.09536494771513465,
    -0.029849197818838148,
    0.01087893552602226,
    -0.03479082114310333,
    0.09605743064144301,
    -0.01682150070893711,
    0.06011071542771254,
    -0.01163650947842576,
    -0.03759795257168559,
    -0.014233408007902005,
    0.04682296235500108,
    0.0705962042625401,
    0.02507169863315417,
    -0.08262844650839196,
    -0.044230372417671276,
    -0.08373659797901195,
    0.07834491802334119,
    0.057018450347415844,
    -0.005478525451915118,
    -0.0644963103988827,
    -0.012342038813441626,
    0.0909745872399377,
    0.06893899354222133,
    0.03646452248696164,
    -0.0892310471673191,
    -0.016970936158011752,
    -0.07934074383410877,
    0.00987351395646654,
    0.08788136800553092,
    0.06591936033359272,
    -0.0890787973362856,
    -0.03184427710101743,
    -0.044908814018989565,
    -0.04290363437709539,
    -0.005198135220972011,
    -0.09329605036239384,
    -0.014034037030238068,
    0.027613528668898615,
    -0.025937587173748833,
    0.051621299252077285,
    -0.05215894822016607,
    -0.03618437926741678,
    -0.05677425830344962,
    -0.04422709173241573,
    0.020290709501532778,
    -0.05495995888394474,
    0.07535901472196237
  ],
  "learning_rate": 0.01,
  "loss_value": 0.5
}