{
  "raw": [
    0.0390625,
    1.0,
    0.0390625,
    1.0,
    1.0,
    1.0,
    0.0390625,
    1.0,
    1.0,
    0.9921875,
    0.9921875,
    1.0
  ],
  "clipped": [
    0.0390625,
    0.3,
    0.0390625,
    0.3,
    0.3,
    0.3,
    0.0390625,
    0.3,
    0.3,
    0.3,
    0.3,
    0.3
  ],
  "stats": {
    "raw": {
      "mean": 0.7584635416666666,
      "std": 0.41535590949015533,
      "min": 0.0390625,
      "max": 1.0,
      "percentiles": {
        "p5": 0.0390625,
        "p25": 0.75390625,
        "p50": 1.0,
        "p75": 1.0,
        "p95": 1.0
      }
    },
    "clipped": {
      "mean": 0.23476562499999998,
      "std": 0.11298925190000096,
      "min": 0.0390625,
      "max": 0.3
    }
  }
}