{
  "raw": [
    1.0,
    1.0,
    1.0,
    1.0,
    1.0,
    1.0,
    1.0,
    1.0,
    1.0,
    1.0,
    1.0,
    1.0
  ],
  "clipped": [
    0.3,
    0.3,
    0.3,
    0.3,
    0.3,
    0.3,
    0.3,
    0.3,
    0.3,
    0.3,
    0.3,
    0.3
  ],
  "stats": {
    "raw": {
      "mean": 1.0,
      "std": 0.0,
      "min": 1.0,
      "max": 1.0,
      "percentiles": {
        "p5": 1.0,
        "p25": 1.0,
        "p50": 1.0,
        "p75": 1.0,
        "p95": 1.0
      }
    },
    "clipped": {
      "mean": 0.29999999999999993,
      "std": 5.551115123125783e-17,
      "min": 0.3,
      "max": 0.3
    }
  }
}