{
  "raw": [
    0.12732887268066406,
    0.3359041213989258,
    0.12732887268066406,
    0.30576038360595703,
    0.41344451904296875,
    0.830843448638916,
    0.12732887268066406,
    0.34603214263916016,
    0.17119503021240234,
    0.6649055480957031,
    0.6649055480957031,
    0.3366117477416992
  ],
  "clipped": [
    0.12732887268066406,
    0.3,
    0.12732887268066406,
    0.3,
    0.3,
    0.3,
    0.12732887268066406,
    0.3,
    0.17119503021240234,
    0.3,
    0.3,
    0.3
  ],
  "stats": {
    "raw": {
      "mean": 0.37096575895945233,
      "std": 0.22571390771690963,
      "min": 0.12732887268066406,
      "max": 0.830843448638916,
      "percentiles": {
        "p5": 0.12732887268066406,
        "p25": 0.16022849082946777,
        "p50": 0.3362579345703125,
        "p75": 0.47630977630615234,
        "p95": 0.7395776033401488
      }
    },
    "clipped": {
      "mean": 0.24609847068786617,
      "std": 0.0770130814239444,
      "min": 0.12732887268066406,
      "max": 0.3
    }
  }
}