{
  "raw": [
    0.06421582501234468,
    0.09105350369797265,
    0.022495194685448847,
    0.04627558459181695,
    0.05239495436647115,
    0.04521450495028775,
    0.050666654798359495,
    0.037166212591899644,
    0.056662367046942295,
    0.026960704941707686,
    0.05427393807159965,
    0.048960434473172026,
    0.03424631446609973,
    0.10738313814077621,
    -0.010801588471902747,
    0.08358270834685512
  ],
  "clipped": [
    0.06421582501234468,
    0.09105350369797265,
    0.022495194685448847,
    0.04627558459181695,
    0.05239495436647115,
    0.04521450495028775,
    0.050666654798359495,
    0.037166212591899644,
    0.056662367046942295,
    0.026960704941707686,
    0.05427393807159965,
    0.048960434473172026,
    0.03424631446609973,
    0.10738313814077621,
    0.0,
    0.08358270834685512
  ],
  "stats": {
    "raw": {
      "mean": 0.0506719032318657,
      "std": 0.02716225272788818,
      "min": -0.010801588471902747,
      "max": 0.10738313814077621,
      "percentiles": {
        "p5": 0.014170998896110948,
        "p25": 0.03643623806044967,
        "p50": 0.04981354463576576,
        "p75": 0.05855073153829289,
        "p95": 0.09513591230867353
      }
    },
    "clipped": {
      "mean": 0.05134700251135962,
      "std": 0.025722032168879812,
      "min": 0.0,
      "max": 0.10738313814077621
    }
  }
}