{
  "raw": [
    0.06421582501234468,
    0.09105350369797266,
    0.022495194685448847,
    0.04627558459181695,
    0.05239495436647114,
    0.04521450495028777,
    0.050666654798359495,
    0.037166212591899644,
    0.056662367046942295,
    0.026960704941707686,
    0.05427393807159965,
    0.048960434473172026,
    0.03424631446609973,
    0.10738313814077621,
    -0.01080158847190276,
    0.08358270834685513
  ],
  "clipped": [
    0.06421582501234468,
    0.09105350369797266,
    0.022495194685448847,
    0.04627558459181695,
    0.05239495436647114,
    0.04521450495028777,
    0.050666654798359495,
    0.037166212591899644,
    0.056662367046942295,
    0.026960704941707686,
    0.05427393807159965,
    0.048960434473172026,
    0.03424631446609973,
    0.10738313814077621,
    0.0,
    0.08358270834685513
  ],
  "stats": {
    "raw": {
      "mean": 0.0506719032318657,
      "std": 0.027162252727888185,
      "min": -0.01080158847190276,
      "max": 0.10738313814077621,
      "percentiles": {
        "p5": 0.014170998896110945,
        "p25": 0.03643623806044967,
        "p50": 0.04981354463576576,
        "p75": 0.05855073153829289,
        "p95": 0.09513591230867355
      }
    },
    "clipped": {
      "mean": 0.051347002511359624,
      "std": 0.025722032168879815,
      "min": 0.0,
      "max": 0.10738313814077621
    }
  }
}