{
  "raw": [
    0.0034738608337448232,
    0.004368450123265755,
    0.002083173156181628,
    0.0028758528197272318,
    0.003079831812215705,
    0.002840483498342925,
    0.003022221826611983,
    0.0025722070863966546,
    0.003222078901564743,
    0.002232023498056923,
    0.003142464602386655,
    0.0029653478157724007,
    0.002474877148869991,
    0.004912771271359207,
    0.0009732803842699083,
    0.004119423611561837,
    0.003948842857719017,
    0.004580850586039026,
    0.0026318290586564586,
    0.003375564633840694
  ],
  "clipped": [
    0.0034738608337448232,
    0.004368450123265755,
    0.002083173156181628,
    0.0028758528197272318,
    0.003079831812215705,
    0.002840483498342925,
    0.003022221826611983,
    0.0025722070863966546,
    0.003222078901564743,
    0.002232023498056923,
    0.003142464602386655,
    0.0029653478157724007,
    0.002474877148869991,
    0.004912771271359207,
    0.0009732803842699083,
    0.004119423611561837,
    0.003948842857719017,
    0.004580850586039026,
    0.0026318290586564586,
    0.003375564633840694
  ],
  "stats": {
    "raw": {
      "mean": 0.0031447717763291782,
      "std": 0.0009050157213968678,
      "min": 0.0009732803842699083,
      "max": 0.004912771271359207,
      "percentiles": {
        "p5": 0.0020276785175860424,
        "p25": 0.002616923565591508,
        "p50": 0.003051026819413844,
        "p75": 0.0035926063397383715,
        "p95": 0.0045974466203050355
      }
    },
    "clipped": {
      "mean": 0.0031447717763291782,
      "std": 0.0009050157213968678,
      "min": 0.0009732803842699083,
      "max": 0.004912771271359207
    }
  }
}