{
  "run_id": "validation_20250822_220730",
  "timestamp": "2025-08-22T22:08:44.609617",
  "decision": "DIFFERENT",
  "confidence": 0.975,
  "metrics": {
    "n_queries": 64,
    "total_duration_seconds": 72.52431583404541,
    "peak_memory_mb": 1335.65625
  },
  "stage_summary": {
    "pre_commit": {
      "duration": 0.0006642341613769531,
      "success": true
    },
    "model_loading": {
      "duration": 6.228827714920044,
      "success": true
    },
    "verification": {
      "duration": 66.28432321548462,
      "success": true
    },
    "evidence_generation": {
      "duration": 0.010500669479370117,
      "success": true
    }
  }
}