{
  "gamma": 0.00033867337464756704,
  "delta_star": 0.03844598092651665,
  "same_model_stats": {
    "mean": 0.00016836824287019993,
    "std": 0.00010324233763326951,
    "p50": 0.00016782597858021575,
    "p75": 0.00018814689585103743,
    "p90": 0.00033867337464756704,
    "p95": 0.00033867337464756704,
    "p99": 0.00033867337464756704,
    "max": 0.00033867337464756704,
    "n_samples_total": 450,
    "score_mean": -0.00011713644304801672,
    "score_std": 0.0009417284393669297
  },
  "near_clone_stats": {
    "mean": 0.07939932603704421,
    "std": 0.0031622639540649505,
    "p5": 0.07655328847838574,
    "p10": 0.07686951487379225,
    "p25": 0.07781819406001173,
    "p50": 0.07939932603704421,
    "p75": 0.08098045801407669,
    "p95": 0.08224536359570266,
    "min": 0.07623706208297926,
    "max": 0.08256158999110916,
    "n_samples_total": 60,
    "score_mean": 0.07939932603704421,
    "score_std": 0.018267017649161145
  },
  "n_same_pairs": 3,
  "n_near_clone_pairs": 2,
  "calibration_time": 0.01203298568725586,
  "n_samples_per_pair": 30
}