{
  "raw": [
    0.6015625,
    0.140625,
    0.6015625,
    0.265625,
    0.625,
    0.0546875,
    0.6015625,
    1.0,
    0.125,
    0.875,
    0.875,
    0.296875,
    0.6015625,
    0.0859375,
    0.421875,
    0.484375,
    0.1171875,
    0.484375,
    0.484375,
    0.296875,
    0.0546875,
    0.4453125,
    0.0546875,
    0.7109375,
    0.140625,
    0.28125,
    0.0390625,
    0.390625,
    0.2734375,
    0.875,
    0.96875,
    0.6015625
  ],
  "clipped": [
    0.3,
    0.140625,
    0.3,
    0.265625,
    0.3,
    0.0546875,
    0.3,
    0.3,
    0.125,
    0.3,
    0.3,
    0.296875,
    0.3,
    0.0859375,
    0.3,
    0.3,
    0.1171875,
    0.3,
    0.3,
    0.296875,
    0.0546875,
    0.3,
    0.0546875,
    0.3,
    0.140625,
    0.28125,
    0.0390625,
    0.3,
    0.2734375,
    0.3,
    0.3,
    0.3
  ],
  "stats": {
    "raw": {
      "mean": 0.43359375,
      "std": 0.28749442717085294,
      "min": 0.0390625,
      "max": 1.0,
      "percentiles": {
        "p5": 0.0546875,
        "p25": 0.140625,
        "p50": 0.43359375,
        "p75": 0.6015625,
        "p95": 0.9171874999999999
      }
    },
    "clipped": {
      "mean": 0.238330078125,
      "std": 0.09517230369810764,
      "min": 0.0390625,
      "max": 0.3
    }
  }
}