{
  "raw": [
    0.0028670151468255384,
    0.00289664873125344,
    0.0032365126786152005,
    0.0030497662798079864,
    0.0033433403503971607,
    0.003736373877002555,
    0.0017899935107907985,
    0.003655594694920242,
    0.004677965111702191,
    0.0025166989537891943,
    0.002677219492410243,
    0.005236853436967714,
    0.002683331938074969,
    0.002966415819571123,
    0.003388060153143332,
    0.004053495973057273,
    0.003483568114407558,
    0.0016664032375392304,
    0.0016788313325462611,
    0.0018600597794202107
  ],
  "clipped": [
    0.0028670151468255384,
    0.00289664873125344,
    0.0032365126786152005,
    0.0030497662798079864,
    0.0033433403503971607,
    0.003736373877002555,
    0.0017899935107907985,
    0.003655594694920242,
    0.004677965111702191,
    0.0025166989537891943,
    0.002677219492410243,
    0.005236853436967714,
    0.002683331938074969,
    0.002966415819571123,
    0.003388060153143332,
    0.004053495973057273,
    0.003483568114407558,
    0.0016664032375392304,
    0.0016788313325462611,
    0.0018600597794202107
  ],
  "stats": {
    "raw": {
      "mean": 0.0030732074306121107,
      "std": 0.0009249219209568418,
      "min": 0.0016664032375392304,
      "max": 0.005236853436967714,
      "percentiles": {
        "p5": 0.0016782099277959095,
        "p25": 0.0026370893577549806,
        "p50": 0.0030080910496895546,
        "p75": 0.003526574759535729,
        "p95": 0.004705909527965468
      }
    },
    "clipped": {
      "mean": 0.0030732074306121107,
      "std": 0.0009249219209568418,
      "min": 0.0016664032375392304,
      "max": 0.005236853436967714
    }
  }
}