{
  "raw": [
    0.00041271903018902644,
    0.0017153065513376038,
    0.002285778968132581,
    0.0047378345602651275,
    0.0009892172322988738,
    0.0050277663670163205,
    0.003315693250681605,
    0.004001271639904831,
    0.0016293595211411634,
    0.002727368990060884,
    0.0012236290546065256,
    0.00205649713928841,
    0.0030398623798008795,
    0.0036681023836046688,
    0.004072189977818701,
    0.0018913895209393013,
    0.002210350130163382,
    0.0036465245575223047,
    0.004672596489297427,
    0.002511840743036205
  ],
  "clipped": [
    0.00041271903018902644,
    0.0017153065513376038,
    0.002285778968132581,
    0.0047378345602651275,
    0.0009892172322988738,
    0.0050277663670163205,
    0.003315693250681605,
    0.004001271639904831,
    0.0016293595211411634,
    0.002727368990060884,
    0.0012236290546065256,
    0.00205649713928841,
    0.0030398623798008795,
    0.0036681023836046688,
    0.004072189977818701,
    0.0018913895209393013,
    0.002210350130163382,
    0.0036465245575223047,
    0.004672596489297427,
    0.002511840743036205
  ],
  "stats": {
    "raw": {
      "mean": 0.002791764924355291,
      "std": 0.0012877761218722775,
      "min": 0.00041271903018902644,
      "max": 0.0050277663670163205,
      "percentiles": {
        "p5": 0.0009603923221933815,
        "p25": 0.0018473687785388769,
        "p50": 0.0026196048665485445,
        "p75": 0.0037513946976797095,
        "p95": 0.004752331150602688
      }
    },
    "clipped": {
      "mean": 0.002791764924355291,
      "std": 0.0012877761218722775,
      "min": 0.00041271903018902644,
      "max": 0.0050277663670163205
    }
  }
}