{
  "raw": [
    0.13367985650903508,
    0.10533992086165563,
    0.13505024710830743,
    0.12121589605721148,
    0.12758771031393362,
    0.12870145453508827,
    0.10025432509625967,
    0.09488127742823006,
    0.15357963359785992,
    0.11575678332552468,
    0.1366698875627316,
    0.13768601069448985,
    0.10824545209400449,
    0.13023619614389934,
    0.1319243673666204,
    0.1324838250367844,
    0.14670980607973358,
    0.10414424556907806,
    0.14974390363893264,
    0.08789678185319633,
    0.12097168323520223,
    0.1540388818336913,
    0.155332929615646,
    0.10614262435730824,
    0.12124821878728498,
    0.12978363398719892,
    0.1108514378052396,
    0.10430157175272489,
    0.12541679076095927,
    0.1191830610938185,
    0.1253972513730331,
    0.13487241905366265
  ],
  "clipped": [
    0.13367985650903508,
    0.10533992086165563,
    0.13505024710830743,
    0.12121589605721148,
    0.12758771031393362,
    0.12870145453508827,
    0.10025432509625967,
    0.09488127742823006,
    0.15357963359785992,
    0.11575678332552468,
    0.1366698875627316,
    0.13768601069448985,
    0.10824545209400449,
    0.13023619614389934,
    0.1319243673666204,
    0.1324838250367844,
    0.14670980607973358,
    0.10414424556907806,
    0.14974390363893264,
    0.08789678185319633,
    0.12097168323520223,
    0.1540388818336913,
    0.155332929615646,
    0.10614262435730824,
    0.12124821878728498,
    0.12978363398719892,
    0.1108514378052396,
    0.10430157175272489,
    0.12541679076095927,
    0.1191830610938185,
    0.1253972513730331,
    0.13487241905366265
  ],
  "stats": {
    "raw": {
      "mean": 0.12466650264151083,
      "std": 0.01727761180276908,
      "min": 0.08789678185319633,
      "max": 0.155332929615646,
      "percentiles": {
        "p5": 0.09783645364564635,
        "p25": 0.11019994137743082,
        "p50": 0.12650225053744646,
        "p75": 0.13491687606732383,
        "p95": 0.15378629530398405
      }
    },
    "clipped": {
      "mean": 0.12466650264151083,
      "std": 0.01727761180276908,
      "min": 0.08789678185319633,
      "max": 0.155332929615646
    }
  }
}