{
  "raw": [
    1.0,
    1.0,
    1.0,
    1.0,
    1.0,
    1.0,
    1.0,
    1.0,
    1.0,
    0.9765625,
    0.9765625,
    1.0,
    1.0,
    1.0,
    1.0,
    1.0,
    1.0,
    1.0,
    1.0,
    1.0,
    1.0,
    1.0,
    1.0,
    1.0,
    1.0,
    1.0,
    1.0,
    1.0,
    1.0,
    0.9765625,
    1.0,
    1.0
  ],
  "clipped": [
    0.3,
    0.3,
    0.3,
    0.3,
    0.3,
    0.3,
    0.3,
    0.3,
    0.3,
    0.3,
    0.3,
    0.3,
    0.3,
    0.3,
    0.3,
    0.3,
    0.3,
    0.3,
    0.3,
    0.3,
    0.3,
    0.3,
    0.3,
    0.3,
    0.3,
    0.3,
    0.3,
    0.3,
    0.3,
    0.3,
    0.3,
    0.3
  ],
  "stats": {
    "raw": {
      "mean": 0.997802734375,
      "std": 0.006831576454899034,
      "min": 0.9765625,
      "max": 1.0,
      "percentiles": {
        "p5": 0.9765625,
        "p25": 1.0,
        "p50": 1.0,
        "p75": 1.0,
        "p95": 1.0
      }
    },
    "clipped": {
      "mean": 0.3,
      "std": 0.0,
      "min": 0.3,
      "max": 0.3
    }
  }
}