{
  "raw": [
    0.8984375,
    0.9296875,
    0.8984375,
    1.0,
    0.640625,
    1.0,
    0.8984375,
    0.3203125,
    1.0,
    1.0,
    1.0,
    1.0,
    0.8984375,
    1.0,
    0.38671875,
    1.0,
    1.0,
    1.0,
    1.0,
    1.0,
    1.0,
    1.0,
    1.0,
    0.5,
    0.9296875,
    1.0,
    1.0,
    0.515625,
    0.5703125,
    1.0,
    1.0,
    0.8984375
  ],
  "clipped": [
    0.3,
    0.3,
    0.3,
    0.3,
    0.3,
    0.3,
    0.3,
    0.3,
    0.3,
    0.3,
    0.3,
    0.3,
    0.3,
    0.3,
    0.3,
    0.3,
    0.3,
    0.3,
    0.3,
    0.3,
    0.3,
    0.3,
    0.3,
    0.3,
    0.3,
    0.3,
    0.3,
    0.3,
    0.3,
    0.3,
    0.3,
    0.3
  ],
  "stats": {
    "raw": {
      "mean": 0.8839111328125,
      "std": 0.19895824528903577,
      "min": 0.3203125,
      "max": 1.0,
      "percentiles": {
        "p5": 0.4490234375,
        "p25": 0.8984375,
        "p50": 1.0,
        "p75": 1.0,
        "p95": 1.0
      }
    },
    "clipped": {
      "mean": 0.3,
      "std": 0.0,
      "min": 0.3,
      "max": 0.3
    }
  }
}