{
  "run_id": "validation_20250822_122609",
  "timestamp": "2025-08-22T12:26:29.088417",
  "decision": "DIFFERENT",
  "confidence": 0.975,
  "metrics": {
    "n_queries": 16,
    "total_duration_seconds": 17.280840396881104,
    "peak_memory_mb": 1853.109375
  },
  "stage_summary": {
    "pre_commit": {
      "duration": 0.0007789134979248047,
      "success": true
    },
    "model_loading": {
      "duration": 6.947520017623901,
      "success": true
    },
    "verification": {
      "duration": 10.326500654220581,
      "success": true
    },
    "evidence_generation": {
      "duration": 0.006040811538696289,
      "success": true
    }
  }
}