{
  "run_id": "validation_20250828_185044",
  "timestamp": "2025-08-28T18:52:41.858889",
  "decision": "DIFFERENT",
  "confidence": 0.99,
  "metrics": {
    "n_queries": 32,
    "total_duration_seconds": 116.10761022567749,
    "peak_memory_mb": 1652.578125
  },
  "stage_summary": {
    "pre_commit": {
      "duration": 0.002023935317993164,
      "success": true
    },
    "model_loading": {
      "duration": 6.118243217468262,
      "success": true
    },
    "verification": {
      "duration": 109.97789406776428,
      "success": true
    },
    "evidence_generation": {
      "duration": 0.009449005126953125,
      "success": true
    }
  }
}