{
  "model": "gpt2",
  "n_samples": 30,
  "same_model_mean": 0.0,
  "same_model_std": 0.0,
  "same_model_median": 1e-06,
  "same_model_p95": 1e-06,
  "same_model_p99": 1e-06,
  "same_model_max": 1e-06,
  "recommended_gamma": 1.5e-06,
  "recommended_delta_star_conservative": 9.999999999999999e-06,
  "recommended_delta_star_moderate": 4.9999999999999996e-06,
  "recommended_delta_star_aggressive": 3e-06,
  "expected_fp_rate_at_gamma": 0.010000000000000009,
  "raw_scores": [
    0.0,
    0.0,
    0.0,
    0.0,
    0.0,
    0.0,
    0.0,
    0.0,
    0.0,
    0.0,
    0.0,
    0.0,
    0.0,
    0.0,
    0.0,
    0.0,
    0.0,
    0.0,
    0.0,
    0.0,
    0.0,
    0.0,
    0.0,
    0.0,
    0.0,
    0.0,
    0.0,
    0.0,
    0.0,
    0.0
  ]
}